{"cameraMode":{"drawMode":0,"name":"Shaded","section":"Shading Mode"},"sceneLighting":true,"audioPlay":false,"sceneViewState":{"showFog":true,"showMaterialUpdate":false,"showSkybox":true,"showFlares":true,"showImageEffects":true,"showParticleSystems":true,"showVisualEffectGraphs":true,"m_FxEnabled":true},"in2DMode":false,"pivot":{"x":8.399165153503418,"y":0.15271472930908204,"z":48.76188659667969},"rotation":{"x":0.06970848143100739,"y":0.2890132665634155,"z":-0.02110590785741806,"w":0.9545504450798035},"size":10.850594520568848,"orthographic":false}