{"cameraMode":{"drawMode":0,"name":"Shaded","section":"Shading Mode"},"sceneLighting":false,"audioPlay":false,"sceneViewState":{"showFog":true,"showMaterialUpdate":false,"showSkybox":false,"showFlares":true,"showImageEffects":true,"showParticleSystems":true,"showVisualEffectGraphs":true,"m_FxEnabled":true},"in2DMode":false,"pivot":{"x":0.0005168914794921875,"y":0.130356103181839,"z":-0.023726344108581544},"rotation":{"x":0.15818770229816438,"y":0.17378917336463929,"z":-0.0282956063747406,"w":0.9715848565101624},"size":1.4549087285995484,"orthographic":false}